Workbook
Name Aporte_mensal: Premissas!$G$12
Name DY_mensal: Premissas!$G$14
Name Idade: Apoio!$A$2
Name Idade_atual: Premissas!$G$10
Name Idade_liberdade: Premissas!$A$26
Name Idade3: Apoio!$A$3
Name Inflaçao_anual: Premissas!$G$15
Name Patrimonio_inicial: Premissas!$G$11
Name Patrimônio_inicial: Premissas!$G$11
Name Rendimentos: Apoio!$D$2
Name Rentabilidade_desejada: Premissas!$G$16
Name Rentabilidade_mensal: Premissas!$G$13

Sheet Premissas
S2: Qual sua idade
S3: Renda desejada
S4: Inflação
B8: CONFIGURAÇÕES
B10: Idade atual | G10: 32
B11: Patrimônio inicial (R$) | G11: 0
B12: Aporte mensal (R$) | G12: 1200
B13: Rentabilidade mensal (%) | G13: 0.008
B14: DY mensal (%) | G14: 0.008
B15: Inflação anual (%) | G15: 0.045
B16: Renda desejada (hoje) (R$) | G16: 10000
B25: Idade da liberdade
A26: {=IFERROR(INDEX(Apoio!$A$2:'Apoio'!$A$102,MATCH(TRUE,Apoio!$H$2:'Apoio'!$H$102>=Premissas!G16,0)),"Não alcançada")} -> 62 | B26: =VLOOKUP(Idade_liberdade,Apoio!A:H,5) -> 5154385.7 | C26: =VLOOKUP(Idade_liberdade,Apoio!A:H,6) -> 1316958 | G26: =VLOOKUP(Idade_liberdade,Apoio!A:H,7) -> 41235.086
B28: ESTATÍSTICAS
B30: Tempo Até Atingir a Liberdade Financeira | G30: =Idade_liberdade-Idade_atual -> 30
B31: Patrimônio Nominal (R$) | G31: =B26 -> 5154385.7
B32: Patrimônio Real (R$) | G32: =C26 -> 1316958
B33: Valor Aportado (R$) | G33: =((12*G30)*Aporte_mensal) -> 432000

Sheet Apoio
A1: Idade | B1: Aporte mensal | C1: Patrimônio inicial | D1: Rendimentos | E1: Patrimônio nominal | F1: Patrimônio real | G1: Renda mensal | H1: Renda mensal real
A2: 0 | B2: =IF(A2<Premissas!$G$10,0,Premissas!$G$12) -> 0 | C2: =IF(A2<Premissas!$G$10,0,IF(Apoio!A2=Premissas!$G$10,Premissas!$G$11,INDEX($E:$E,ROW()-1))) -> 0 | D2: =IF(A2<Premissas!$G$10,0,IF(Premissas!$G$13=0,0,Apoio!C2*((1+Premissas!$G$13)^12-1)+Apoio!B2*(((1+Premissas!$G$13)^11-1)/Premissas!$G$13))) -> 0 | E2: =C2+D2+(B2*12) -> 0 | F2: =IF(A2<Idade_atual,0,Apoio!E2/(1+Inflaçao_anual)^(Apoio!A2-Idade_atual+1)) -> 0 | G2: =E2*DY_mensal -> 0 | H2: =F2*DY_mensal -> 0
A3: 1 | B3: =IF(A3<Premissas!$G$10,0,Premissas!$G$12) -> 0 | C3: =IF(A3<Premissas!$G$10,0,IF(Apoio!A3=Premissas!$G$10,Premissas!$G$11,INDEX($E:$E,ROW()-1))) -> 0 | D3: =IF(A3<Premissas!$G$10,0,IF(Premissas!$G$13=0,0,Apoio!C3*((1+Premissas!$G$13)^12-1)+Apoio!B3*(((1+Premissas!$G$13)^11-1)/Premissas!$G$13))) -> 0 | E3: =C3+D3+(B3*12) -> 0 | F3: =IF(A3<Idade_atual,0,Apoio!E3/(1+Inflaçao_anual)^(Apoio!A3-Idade_atual+1)) -> 0 | G3: =E3*DY_mensal -> 0 | H3: =F3*DY_mensal -> 0
A4: 2 | B4: =IF(A4<Premissas!$G$10,0,Premissas!$G$12) -> 0 | C4: =IF(A4<Premissas!$G$10,0,IF(Apoio!A4=Premissas!$G$10,Premissas!$G$11,INDEX($E:$E,ROW()-1))) -> 0 | D4: =IF(A4<Premissas!$G$10,0,IF(Premissas!$G$13=0,0,Apoio!C4*((1+Premissas!$G$13)^12-1)+Apoio!B4*(((1+Premissas!$G$13)^11-1)/Premissas!$G$13))) -> 0 | E4: =C4+D4+(B4*12) -> 0 | F4: =IF(A4<Idade_atual,0,Apoio!E4/(1+Inflaçao_anual)^(Apoio!A4-Idade_atual+1)) -> 0 | G4: =E4*DY_mensal -> 0 | H4: =F4*DY_mensal -> 0
A5: 3 | B5: =IF(A5<Premissas!$G$10,0,Premissas!$G$12) -> 0 | C5: =IF(A5<Premissas!$G$10,0,IF(Apoio!A5=Premissas!$G$10,Premissas!$G$11,INDEX($E:$E,ROW()-1))) -> 0 | D5: =IF(A5<Premissas!$G$10,0,IF(Premissas!$G$13=0,0,Apoio!C5*((1+Premissas!$G$13)^12-1)+Apoio!B5*(((1+Premissas!$G$13)^11-1)/Premissas!$G$13))) -> 0 | E5: =C5+D5+(B5*12) -> 0 | F5: =IF(A5<Idade_atual,0,Apoio!E5/(1+Inflaçao_anual)^(Apoio!A5-Idade_atual+1)) -> 0 | G5: =E5*DY_mensal -> 0 | H5: =F5*DY_mensal -> 0
A6: 4 | B6: =IF(A6<Premissas!$G$10,0,Premissas!$G$12) -> 0 | C6: =IF(A6<Premissas!$G$10,0,IF(Apoio!A6=Premissas!$G$10,Premissas!$G$11,INDEX($E:$E,ROW()-1))) -> 0 | D6: =IF(A6<Premissas!$G$10,0,IF(Premissas!$G$13=0,0,Apoio!C6*((1+Premissas!$G$13)^12-1)+Apoio!B6*(((1+Premissas!$G$13)^11-1)/Premissas!$G$13))) -> 0 | E6: =C6+D6+(B6*12) -> 0 | F6: =IF(A6<Idade_atual,0,Apoio!E6/(1+Inflaçao_anual)^(Apoio!A6-Idade_atual+1)) -> 0 | G6: =E6*DY_mensal -> 0 | H6: =F6*DY_mensal -> 0
A7: 5 | B7: =IF(A7<Premissas!$G$10,0,Premissas!$G$12) -> 0 | C7: =IF(A7<Premissas!$G$10,0,IF(Apoio!A7=Premissas!$G$10,Premissas!$G$11,INDEX($E:$E,ROW()-1))) -> 0 | D7: =IF(A7<Premissas!$G$10,0,IF(Premissas!$G$13=0,0,Apoio!C7*((1+Premissas!$G$13)^12-1)+Apoio!B7*(((1+Premissas!$G$13)^11-1)/Premissas!$G$13))) -> 0 | E7: =C7+D7+(B7*12) -> 0 | F7: =IF(A7<Idade_atual,0,Apoio!E7/(1+Inflaçao_anual)^(Apoio!A7-Idade_atual+1)) -> 0 | G7: =E7*DY_mensal -> 0 | H7: =F7*DY_mensal -> 0
A8: 6 | B8: =IF(A8<Premissas!$G$10,0,Premissas!$G$12) -> 0 | C8: =IF(A8<Premissas!$G$10,0,IF(Apoio!A8=Premissas!$G$10,Premissas!$G$11,INDEX($E:$E,ROW()-1))) -> 0 | D8: =IF(A8<Premissas!$G$10,0,IF(Premissas!$G$13=0,0,Apoio!C8*((1+Premissas!$G$13)^12-1)+Apoio!B8*(((1+Premissas!$G$13)^11-1)/Premissas!$G$13))) -> 0 | E8: =C8+D8+(B8*12) -> 0 | F8: =IF(A8<Idade_atual,0,Apoio!E8/(1+Inflaçao_anual)^(Apoio!A8-Idade_atual+1)) -> 0 | G8: =E8*DY_mensal -> 0 | H8: =F8*DY_mensal -> 0
A9: 7 | B9: =IF(A9<Premissas!$G$10,0,Premissas!$G$12) -> 0 | C9: =IF(A9<Premissas!$G$10,0,IF(Apoio!A9=Premissas!$G$10,Premissas!$G$11,INDEX($E:$E,ROW()-1))) -> 0 | D9: =IF(A9<Premissas!$G$10,0,IF(Premissas!$G$13=0,0,Apoio!C9*((1+Premissas!$G$13)^12-1)+Apoio!B9*(((1+Premissas!$G$13)^11-1)/Premissas!$G$13))) -> 0 | E9: =C9+D9+(B9*12) -> 0 | F9: =IF(A9<Idade_atual,0,Apoio!E9/(1+Inflaçao_anual)^(Apoio!A9-Idade_atual+1)) -> 0 | G9: =E9*DY_mensal -> 0 | H9: =F9*DY_mensal -> 0
A10: 8 | B10: =IF(A10<Premissas!$G$10,0,Premissas!$G$12) -> 0 | C10: =IF(A10<Premissas!$G$10,0,IF(Apoio!A10=Premissas!$G$10,Premissas!$G$11,INDEX($E:$E,ROW()-1))) -> 0 | D10: =IF(A10<Premissas!$G$10,0,IF(Premissas!$G$13=0,0,Apoio!C10*((1+Premissas!$G$13)^12-1)+Apoio!B10*(((1+Premissas!$G$13)^11-1)/Premissas!$G$13))) -> 0 | E10: =C10+D10+(B10*12) -> 0 | F10: =IF(A10<Idade_atual,0,Apoio!E10/(1+Inflaçao_anual)^(Apoio!A10-Idade_atual+1)) -> 0 | G10: =E10*DY_mensal -> 0 | H10: =F10*DY_mensal -> 0
A11: 9 | B11: =IF(A11<Premissas!$G$10,0,Premissas!$G$12) -> 0 | C11: =IF(A11<Premissas!$G$10,0,IF(Apoio!A11=Premissas!$G$10,Premissas!$G$11,INDEX($E:$E,ROW()-1))) -> 0 | D11: =IF(A11<Premissas!$G$10,0,IF(Premissas!$G$13=0,0,Apoio!C11*((1+Premissas!$G$13)^12-1)+Apoio!B11*(((1+Premissas!$G$13)^11-1)/Premissas!$G$13))) -> 0 | E11: =C11+D11+(B11*12) -> 0 | F11: =IF(A11<Idade_atual,0,Apoio!E11/(1+Inflaçao_anual)^(Apoio!A11-Idade_atual+1)) -> 0 | G11: =E11*DY_mensal -> 0 | H11: =F11*DY_mensal -> 0
A12: 10 | B12: =IF(A12<Premissas!$G$10,0,Premissas!$G$12) -> 0 | C12: =IF(A12<Premissas!$G$10,0,IF(Apoio!A12=Premissas!$G$10,Premissas!$G$11,INDEX($E:$E,ROW()-1))) -> 0 | D12: =IF(A12<Premissas!$G$10,0,IF(Premissas!$G$13=0,0,Apoio!C12*((1+Premissas!$G$13)^12-1)+Apoio!B12*(((1+Premissas!$G$13)^11-1)/Premissas!$G$13))) -> 0 | E12: =C12+D12+(B12*12) -> 0 | F12: =IF(A12<Idade_atual,0,Apoio!E12/(1+Inflaçao_anual)^(Apoio!A12-Idade_atual+1)) -> 0 | G12: =E12*DY_mensal -> 0 | H12: =F12*DY_mensal -> 0
A13: 11 | B13: =IF(A13<Premissas!$G$10,0,Premissas!$G$12) -> 0 | C13: =IF(A13<Premissas!$G$10,0,IF(Apoio!A13=Premissas!$G$10,Premissas!$G$11,INDEX($E:$E,ROW()-1))) -> 0 | D13: =IF(A13<Premissas!$G$10,0,IF(Premissas!$G$13=0,0,Apoio!C13*((1+Premissas!$G$13)^12-1)+Apoio!B13*(((1+Premissas!$G$13)^11-1)/Premissas!$G$13))) -> 0 | E13: =C13+D13+(B13*12) -> 0 | F13: =IF(A13<Idade_atual,0,Apoio!E13/(1+Inflaçao_anual)^(Apoio!A13-Idade_atual+1)) -> 0 | G13: =E13*DY_mensal -> 0 | H13: =F13*DY_mensal -> 0
... A102: 100 | B102: =IF(A102<Premissas!$G$10,0,Premissas!$G$12) -> 1200 | C102: =IF(A102<Premissas!$G$10,0,IF(Apoio!A102=Premissas!$G$10,Premissas!$G$11,INDEX($E:$E,ROW()-1))) -> 1.8664282e+08 | D102: =IF(A102<Premissas!$G$10,0,IF(Premissas!$G$13=0,0,Apoio!C102*((1+Premissas!$G$13)^12-1)+Apoio!B102*(((1+Premissas!$G$13)^11-1)/Premissas!$G$13))) -> 18741237 | E102: =C102+D102+(B102*12) -> 2.0539846e+08 | F102: =IF(A102<Idade_atual,0,Apoio!E102/(1+Inflaçao_anual)^(Apoio!A102-Idade_atual+1)) -> 9853105.5 | G102: =E102*DY_mensal -> 1643187.6 | H102: =F102*DY_mensal -> 78824.844
